01.txt,Vídeo mostra comissárias tirando a roupa para protestar contra obrigatoriedade de vacinas. Circula pelas redes sociais um vídeo que mostra comissárias de bordo italianas tirando a roupa durante uma manifestação organizada em uma praça pública. Uma legenda que acompanha as imagens diz que o protesto foi feito contra a obrigatoriedade das vacinas contra a Covid.
02.txt,"Máscaras chinesas revelam vermes quando colocadas no vapor, mostra vídeo. Vídeo mostra supostas máscaras da China cheia de vermes que são ativados pelo vapor da água e pelo calor. “Quando você vai usar uma máscara, por exemplo, e você faz um simples teste com vapor, ou seja, ó, as máscaras que vêm do Xing Ling, tá? Máscara lacrada, dentro do saquinho, acabou de tirar, coloca no vapor da água. Só o calor. Aí, você observa o que vai acontecer com o que está dentro da máscara. Você não vai acreditar no que tem dentro da máscara. Adivinha. Adivinha o que tá dentro dessa máscara, pessoal. Só o calor tá entrando em contato aí, o vapor, tá? Ó, pega uma vasilha, enche de água quente que sai vapor e veja o que vai acontecer com essa máscara que veio do Xing Ling. A máscara já tem coisas dentro. O que será que tem dentro, no meio dessa máscara? Ah, talvez, agora, você vai começar a ver alguns pontinhos pretos se mexerem aí. Alguns filamentozinhos se mexerem. É, preste atenção nesse vídeo. Olha ali, olha ali se mexendo. O mesmo filamento que está nas pontas dos cotonetes. E nas máscaras têm bastante. Então, você coloca uma máscara dessa no rosto, essas máscaras Xing Ling, e, conforme você vai falando, a sua máscara vai esquentando por causa do calor do seu gás carbônico liberado pelo pulmão. Então, esse bichinho vai começar a entrar em você pela boca, pelo nariz. Você vai engoli-lo, vai entrar no seu pulmão e vai pro seu cérebro, vai pra sua corrente sanguínea e vai fazer o que quiser com você. Sabe-se lá o que que vai fazer. Olha isso, pessoal. Não é brincadeira, isso não é brincadeira. Olha lá”."
03.txt,"Vacinas contra Covid-19 (como a Coronavac) causam Alzheimer e têm níveis tóxicos de alumínio. Por causa de níveis tóxicos de alumínio em imunizantes como a Coronavac, vacinas estão causando demência e Alzheimer nas pessoas. Elas também serão um mal para crianças, pilotos de avião e suscitam dissolução de corpos nos EUA. Uma das informações aponta que, por causa das vacinas, haverá uma explosão de casos do Mal de Alzheimer e de demência na população. Também é dito que a Coronavac tem níveis tóxicos de alumínio em sua fórmula, que pilotos vacinados estão tendo AVC e que, por causa das vacinas, estados norte-americanos estão aprovando uma lei para dissolver corpos."
04.txt,"Texto que circula nas redes sociais diz que médicos poloneses denunciaram supostos “experimentos ilegais realizados com bebês órfãos na Polônia, Espanha, Finlândia e Estados Unidos”. Os experimentos, diz o texto, visam “testar suas novas vacinas de engenharia genética“"
05.txt," EUA encontraram a cura para o novo coronavírus após teste no Hospital de Stanford. EUA desenvolveram a cura para a Covid-19 e conseguiram tratar, de forma definitiva, 40 pacientes em estado grave durante um teste do Hospital de Stanford. “Senhores, acabou de ser divulgado em Stanford que 100% dos 40 casos testados com hidroxicloroquina e azitromicina associados zeraram o PCR para Covid-19, ou seja, eles curaram a doença. Então, esse protocolo já tá sendo usado no Hospital do Coração e na Prevent Sênior a partir de hoje. Isso, provavelmente, vai mudar completamente o curso da doença”."
06.txt,"Bill Gates contesta vacinas e diz que elas falharam contra Covid-19. Bill Gates admite falha das vacinas e contesta a eficácia dos imunizantes contra a Covid-19, aponta mensagem. Após 7,4 bilhões de braços picados, Bill Gates contesta as vacinas. Bill Gates admitindo o fracasso das vacinas e aqui no Brasil os “sientistas” querendo obrigar todo mundo a torná-las, inclusive sob pena de perder o emprego por justa causa. Bill Gates admite que vacinas não impedem a propagação da Covid. O globalista Bill Gates finalmente admite a falha das vacinas COVID "
07.txt,"Eficácia da Coronavac: os testes no grupo de risco dos idosos foram “reduzidos” e a eficácia da vacina, em torno de 50%, é muito baixa e não garante o fim da pandemia"
08.txt,Vacinados devem ser isolados de não-vacinados sob risco de os infectar. Os vacinados contra a Covid-19 devem ser isolados porque são perigosos. São uma ameaça para não-vacinados porque podem os infectar. A última que está circulando por aí aponta para uma sugestão: que as pessoas vacinadas (que seriam “muito perigosas”) seriam isoladas das pessoas não-vacinadas (que estariam sofrendo um grande risco por causa de quem se vacinou. VACINADOS DEVEM SER ISOLADOS E AFASTADOS DOS NÃO VACINADOS SOB RISCO DE INFECTA-LO
09.txt,"Vacinas causam fibrina no sangue de todos vacinados e crianças não devem ser vacinadas. Análises microscópicas mostram que vacina causa fibrina no sangue e, por isso, crianças e adolescentes não devem se vacinar. Eu confesso pra vocês que eu estou muito impactada, muito impactada em saber que a vacina, quem tomou a vacina vai ter que se tratar o resto da vida. Assim como eu. Eu tomei a vacina. Através da microscopia ontem, eu pude conferir no meu sangue no microscópio várias fibrinas. A vacina, a proteína Spaker, que eles chamam, ela libera na corrente sanguínea várias fibrinas, causando coagulação no sangue. Por isso que muita gente vem a óbito, muita gente dá problema no coração, né? Infarto do miocárdio, é… várias outras doenças vêm se desenvolvendo, devido à quantidade de fibrina. Então, assim ó, pra mim, eu fiquei muito impactada. Eu era o meu sangue. E realmente, assim, o que o pessoal falava e a gente não acreditava muito ou tava em cima do muro, né? E vacinei, eu vacinei pra conferir e ontem eu pude ver a realidade. A gravidade do problema. E não é hoje, na verdade, muitas pessoas vão passar por isso, tão passando por isso e dizendo: ah, não, eu tô passando por isso numa boa. Tomei a vacina e tô bem, não tive nenhum efeito colateral. Mas agora você pode não ter efeito colateral e daqui a um ano? Daqui 2 anos? Daqui 3 anos? As consequências vão ser graves, gente. Então, eu vou fazer um pedido aqui pra vocês: não vacinem as crianças, não vacinem os adolescentes. Eles têm a imunidade boa, a imunidade deles é alta, né? Na maioria das crianças. Eles têm a defesa imunológica boa. Então, não façam isso com as crianças, porque muita família vai chorar, como já está chorando”. Depoimento de alguém que tomou a vacina e foi estudar sobre o assunto. Ela viu seu sangue no microscópio e é o que tem no sangue de todos os vacinados!!! Pelo RESTO DA VIDA!!! NÃO VACINEM AS CRIANÇAS E JOVENS!!! VOCÊS ESTÃO MATANDO OS PRÓPRIOS FILHOS!!! Quem tomou a vacina, vai ter que se tratar pelo resto da vida, como ela. #hidromolecular fibrinas #sangue Meus sentimentos a todos os enlutados por esse plano diabólico. Pense. É de graça!”. New photo posted in FRAUDEMIA: ‘Dr. Pedro Garcia, médico português, analisando o SANGUE de 16 pacientes “VACINADOS”, em 9/10/2021. A seguir, EFEITOS observados comum a todos, em MICROSCOPIA de Campo Escuro. Fig. 1: OXIDAÇÃO externa nas hemáceas (glóbulos vermelhos), com espaiques. 2: Oxidação INTERNA nas hemáceas, com espaiques internos. 3: Hemáceas ENGATADAS UMAS NAS OUTRAS, fenômeno chamado de “roleau”. 4: Existência de muitas entidades retas brilhantes. Fenômeno INÉDITO na literatura médica. Logo, o óxido de grafeno das vacinas será considerado um fato. 5: Aglomeração de glóbulos brancos EM EXCESSO no sangue. Esta ANORMALIDADE deve-se a uma ação de resposta emergencial do sistema imunológico a algo não identificado pelo médico. 6: Processo TROMBÓTICO: agregação PLAQUETÁRIA, OXIDAÇÃO e AGLOMERAÇÃO de hemáceas e EXCESSO de fibrinas, indicativo de COAGULAÇÃO.’”"
10.txt,"Vacinas contra Covid-19 vem com citomegalovírus, epstein-barr, HIV e HPV para causar câncer e doenças autoimunes na população. Insumos chineses das vacinas contra a Covid-19 contêm citomegalovírus, epstein-barr, HIV e HPV para adoecer população com doenças autoimunes ou câncer. “VIRALIZE ISSO Dr. Nelson Modesto – Prova que insumos das vacinas causam principalmente DOENÇAS auto-imune, assim como detectou nelas: Cito-Megalovirus Epstein Bar – HIV – HPV – TODOS estes acima criados desencadeiam CANCER Tem Adenovirus Endenovirus – Tem Óxido de Grafeno – Nagalase – provoca imunosupressão Nanopartículas de Grafeno, potencializa a partícula Spike que funciona para muitos como doença de Prion (doença da vaca louca) DOMINGO Dia 24-10-21 LEVANTE-SE pelos seus filhos LEVANTE-SE pelas nossas crianças LEVANTE-SE por aqueles que amas LEVANTE-SE pela liberdade de decidir o que entra no seu corpo LEVANTE-SE pelo seu país Falamos de tudo isso com o Dr. R.K. que colabora aqui com o @lifeforcebrasil – Agora ouvindo novamente assim da para você entender que: Estamos sendo atacados REAJA enquanto ainda temos a chance. SAIA PARA AS RUAS Apoio: @LifeForceBrasil @TudoEhEnergia_mygalaxy @LFB_Boicote”. “Hoje eu estive dando um curso para a área de saúde. Amanhã apresento, no meu congresso de BDORT, o meu trabalho provando que o insumo chinês foi feito propositadamente para que a população desenvolvesse, nesses próximos anos, principalmente, doença autoimune e câncer. Nas vacinas, eu detectei citomegalovírus, epstein-barr, HIV, HPV e outros sem grande importância, como adenovírus e enterovírus. Mas todos esses quadros iniciais são oncogênicos, eles desencadeiam câncer. Eu vejo falando já há tempo pra vocês reagirem, para vocês se erguerem e colocarem em uma posição do médico, como ele merece, dando opinião na área de saúde e tirando esses vagabundos, todos os políticos que estão nos obrigando a calar. Eu não calo. Amanhã, tô passando pelo Congresso, que eu pedi que não fosse divulgado antes, porque é um pedido do Congresso tudo que eu escrevi, que eu provo, que está no insumo chinês: nagalase, óxido de grafeno e nanopartículas de grafeno. Nagalase provoca imunossupressão. Nanopartículas de grafeno é o suporte de facilitação e potencialização da partícula Spike, é a proteína que, na realidade, para muitos vai funcionar como um prion. Se vocês sabem o que é prion? É doença de Crohn, é uma neurodegeneração que se faz rapidamente, em pouco tempo. Nós vamos continuar ainda calado? Cada um pense um pouco melhor. Eu já venho falando e tenho falado: os médicos precisam se unir. Eu tento puxar do meu grupo para se unirem, para nós podermos, poder em conjunto ter mais força. Porque nós sozinhos vamos ser massacrados, como estamos sendo. Cada um que se aparece um pouco mais, que se alvora um pouco mais, está sendo massacrado. Ou vocês pensam que o Wong, o chinês, que era pediatra, morreu como uma coisa comum? Nos Estados Unidos, em dois anos, 27 cientistas e médicos desapareceram. O médico que falava aqui, na nagalase, que estava nas vacinas, foi encontrado morto com tiro no peito e diz que ele se suicidou e jogou no rio. Conversa! Quanto tempo vocês vão continuar com os ouvidos tapados? Eu amanhã, depois de fizer, fazer a minha apresentação online, que vai direto para o Japão, tudo escrito em inglês, eu vou tentar passar por e-mail para quem passar para mim e-mail. Eu vou passar todo o meu trabalho. Boa noite”."
11.txt,"China acaba de soltar milhares de pássaros (morcegos) criados em laboratório no oceano. A China acabou de soltar milhares de pássaros (ou morcegos) criados em laboratório no oceano. Uma nova pandemia está a vista. No começo dessa semana a China soltou milhares de pássaros no oceano. O quê será que vem por aí? Versão 2: a China solta milhares de pássaros criados em laboratório, la vem mais terror por ai.Por que está soltando no.mar? Qual nome do Filme? Versão 3: China solta milhares de pássaros (morcegos), criados em laboratório. Muito estranho. Será que vem merda por aí?"""
12.txt,"Pfizer rastreia vacinados por controle remoto e GPS de grafeno e microondas. Pfizer aprova patente para rastrear todos os vacinados por meio de microondas, GPS, grafeno e controle remoto. Versão 1: “INTERNACIONAL – PFIZER RASTREIA VACINAS POR CONTROLE REMOTO – PATENTE. Fake? Veremos”. Versão 2: “Foi aprovada a patente da Pfizer para o rastreamento dos humanos vacinados no mundo todo por meio de microondas e grafeno armazenado no tecido adiposo dos vacinados. Essa solicitação de patente da Pfizer foi aprovada no dia 31 de agosto de 2021 e é a primeira patente que aparece em uma lista de mais de 18500 [requisições] com o propósito de rastrear o contato remoto de todos os humanos vacinados em todo o mundo que estarão ou estão agora conectados à “internet das coisas” por uma ligação quântica de frequências de microondas pulsantes de 2,4 gHz ou mais a partir das torres telefônicas e dos satélites diretamente ao óxido de grafeno armazenado no tecido adiposo de todas as pessoas que tomaram a injeção da morte”."
13.txt,"Anvisa diz vacinas contra Covid-19 têm mais de mil mortes. Alerta da Anvisa afirma que a vacina de Covid-19 já causou mais de mil mortes e 15 mil reações adversas. O número é muito maior, tem pessoas que eu conheço não estão nessa lista. Vacinas para covid já têm 1.144 mortes suspeitos e mais de 15 mil reações adversas, informa Anvisa. A Coronavac aparece associada a 911 óbitos suspeitos e 3.625 casos de reações adversas. Já o “imunizante” da gigante farmacêutica AstraZenica é responsável por 211 mortes suspeitas e 10.617 efeitos adversos. "
14.txt,"Bebê na Turquia nasce com deformações por causa da vacina mRNA contra Covid-19. Na Turquia, bebê nasce com malformação por causa de vacina mRNA e oponente turco, ao lado de médicos, denuncia caso. “Turquia :Aqui está, talvez, o primeiro bebê registrado em vídeo , afetado pela vacina covid experimental, de uma mulher vacinada durante a gravidez , e mostrado ao mundo , conforme denunciado pelo oponente turco ao mostrar as fotos na TV, ao lado de 3 médicos”."
15.txt,"Presídio de Alcaçuz não teve mortes por Covid-19 por causa de tratamento com ivermectina . Em Alcaçuz (RN), presídio não registrou nenhuma morte por Covid-19, porque diretor-clínico obrigou o uso de ivermectina. Versão 1: “ZERO ÓBITOS POR COVID…………COM TRAT. IMEDIATO…………Dir. Cli DA SAÚDE DO PRESÍDIO DE ALCAÇUZ FALA SOBRE O SUCESSO DO PROTOCOLO COM USO DE IVERMECTINA AUTORIZADO.( Trat. Precoce).  1.700 detentos e zero óbito.  Se fosse usado no Brasil ,poucas mortes”. Versão 2: “INCRÍVEL: Uso de ivermectina faz com que presídio não tenha casos graves e nem mortes por Covid-19, diz médico. O diretor-clínico do presídio de Alcaçuz detalhou como tem tratado os detentos do maior presídio do RN”.Versão 3: “INCRÍVEL: Uso de ivermectina faz com que presídio não tenha casos graves e nem mortes por Covid-19, diz médico; O diretor-clínico do presídio de Alcaçuz, doutor detalhou como tem tratado os detentos do maior presídio do Rio Grande do Norte. O médico explicou que criou um protocolo usando medicamentos como Azitromicina, Ivermectina e, em alguns casos, corticoide. Desde o início da pandemia, nenhum preso morreu ou evoluiu para um caso grave, segundo relatou. Ele disse ainda que usa Ivermectina nesse presídio há 4 anos para combater escabiose e adaptou o tratamento para a Covid-19. Dos quase 1.700 detentos de Alcaçuz, houve 224 casos confirmados até o momento, mas nenhum caso grave registrado. As informações são do Grande Ponto”."
16.txt,"União Europeia substituirá vacinas por ivermectina.A União Europeia anunciou que, a partir de 20 de outubro de 2021, não vai mais utilizar vacinas. No lugar, será utilizada a ivermectina para tratamento contra a Covid-19.UNIÃO EUROPEIA SUBSTITUIRÁ VACINAS POR IVERMECTINA Boas notícias para quem não gosta da vacina covid-19: A PARTIR DE 20.10.2021, COVID TRIAL E PROTEÇÃO DE VACINAS PARA COVID-19 SERÃO CANCELADOS TODOS NA EUROPA … Todas as vacinas não serão mais aprovadas a partir de 20 de outubro de 2021. A União Europeia aprovou cinco terapias que estarão disponíveis em todos os hospitais dos Estados-Membros para o tratamento de covid-19. https://ec.europa.eu/commission/presscorner/detail/fr/ip_21_3299?fbclid=IwAR2fuWXfyuWrvjQy3hVCIA3SF1DdWKpXQg2C3Dte8VQwE4yk-Zsf1I_9dnw"
17.txt,"Pfizer lança ivermectina como remédio para combate à Covid-19.A Pfizer lançou um remédio para combate à Covid-19 com ivermectina na fórmula. O medicamento PF-07321332 poderia ser chamado de Pfizermectin. Versão 1: OUTRA PEÇA DO QUEBRA-CABEÇA ANTI-IVERMECTINA DOS EUA PODE TER EMERGIDO. NA SEGUNDA-FEIRA, A PFIZER ANUNCIOU QUE ESTÁ LANÇANDO UM TESTE ACELERADO DA FASE 2/3 PARA UMA PÍLULA PROFILÁTICA COVID PROJETADA PARA AFASTAR O COVID NAQUELES QUE PODEM TER ENTRADO EM CONTATO COM A DOENÇA. Coincidentemente (ou não), a droga da Pfizer compartilha pelo menos um mecanismo de ação como a Ivermectina – um anti-parasitico usado em humanos por décadas, que funciona como um inibidor de protease contra o Covid-19, que os pesquisadores especulam que “poderia ser a base biofísica por trás de sua eficiência antiviral”.Versão 2: Eis que a nova droga da Pfizer – que alguns chamaram de “Pfizermectin”, é descrita pela gigante farmacêutica como um “potente inibidor de protease”. *Pronto, problema resolvido! Pfizer lança “Pfizermectine” para profilaxia da covid.* À partir do lançamento deste clone patenteado da Ivermectina. ex-vermífugo genérico, o tratamento precoce da covid-19, “milagrosamente”, passará de demonizado a incentivado. Quem viver, verá. Ivermectina Pfizer !!! Quem diria !!!!"
18.txt,"Jovens estão morrendo de parada cardíaca por tomar vacina da Pfizer contra Covid-19.Após tomarem a vacina da Pfizer, ao menos cinco adolescentes brasileiros tiveram parada cardíaca e morreram. A decisão foi tomada após diversos casos de infarto entre adolescentes vacinados serem relatados. Só no Brasil, já existiriam cerca de 5 casos. Também é dito que, na bula da vacina Pfizer (a única aplicada em adolescentes no Brasil), a empresa recomenda o imunizante apenas para pessoas maiores de 16 anos. Junto ao vídeo há uma mensagem que diz “Riscos. Precisam investigar! Jovens morrendo de parada cardíaca. Bolsonaro tem razão”."
19.txt,"Vacinas não serão mais necessárias porque remédios (como a ivermectina) serão aprovadas para terapia contra Covid-19. Conselho da União Europeia aprovou 5 medicamentos (como a ivermectina) para terapia da Covid-19 e vacinas não serão necessárias. “IMPORTANTISSIMO PARA DISTRIBUIR A TODOS que não querem ser “vacinados”.  Todas as vacinas não serão mais justificadas a partir de 20/10/2021: informações verificadas.  A União Europeia aprovou (https://ec.europa.eu/com…/presscorner/detail/fr/ip_21_3299) 5 terapias que estarão disponíveis em todos os hospitais dos Estados-Membros para tratar Covid.  Essas terapias são aprovadas por decreto do Conselho Europeu (parlamento europeu) e estarão em funcionamento a partir de 01/10, portanto serão distribuídas aos poucos por volta de 20/10.  As vacinas foram aprovadas em “forma experimental provisória”, porém, como por decreto, haverá a obrigatoriedade de prescrição desses 5 novos medicamentos, o uso da vacina será encerrado.  Assim, entendemos porque todos os estados disseram “entre setembro é necessário que …”.  Eles já sabiam de tudo.  Você tem que ter paciência. Não aceite nenhuma chantagem.  Seja paciente. Agora que a ivermectina foi autorizada novamente, não há necessidade de vacina. Ótima notícia. O Institut Pasteur reconhece a eficácia da Ivermectina. Em algumas pessoas, uma única ingestão poderia erradicar todo o material genético da SARS covid-19. Leia bem e compartilhe. Boas notícias: a ivermectina é agora cientificamente reconhecida como uma droga eficaz na profilaxia e no tratamento da Covid-19 por pesquisadores do Instituto Pasteur da França. Os resultados de seus estudos foram publicados na revista EMBO Molecular Medicine em 12 de julho de 2021, portanto, é recente. Uma análise dos resultados de outra pesquisa publicada no American Journal of Therapeutics pede duramente, com evidências de apoio, que se substitua as diretrizes das agências de saúde e inclua a ivermectina como o padrão de tratamento. O governo de Macron sabia disso… Esteja bem e não hesite em torcer para quem não deseja ser vacinado”."
20.txt,"30% dos vacinados morrerão dentro de três meses. Um médico chamado Sherri Tempenny e uma professora chamada Dolores Cahill revelaram ao mundo que 30% dos vacinados morrerão dentro de três meses. Trinta por cento dos vacinados morrerão dentro de três meses, diz o Dr. Sherri Tempenny Este artigo confirma o que disse a professora Dolores Cahill, de Dublin, que estima que pelo menos 30% dos vacinados morrerão em poucos meses de tempestade de citocinas (algo como uma alergia a amendoim), uma vez que o corpo tenha sintetizado proteína spike em grandes quantidades ! A geneticista francesa Alexandra Henrion-Caude concorda com Dolores Cahill nesta análise e processo. A Dra. Sherri Tempenny (imagem) explica como as vacinas de mRNA começarão o processo de despovoamento nos próximos 3-6 meses (julho de 2021). Ela e outros cientistas previram que milhões de pessoas poderiam morrer e que suas mortes seriam atribuídas a uma nova cepa de COVID, para aumentar as vacinas."
21.txt,"Teste de anticorpos feito por engenheiro após se vacinar prova que Coronavac não imuniza. Teste sorológico de anticorpos feito por engenheiro comprova que a vacina Coronavac não gerou imunidade contra a Covid-19 após duas doses.  De acordo com o homem, após 35 dias depois de tomar as doses, ele e a esposa fizeram um teste sorológico para identificar se o imunizante teria gerado imunidade. Entretanto, o teste teria dado negativo. Ele ainda afirma que, com o resultado, não deixará de seguir todas as medidas de proteção contra a Covid-19. ESSOAL ESTE SENHOR ENGENHEIRO E SUA  ESPOSA TOMARAM AS 2 DOSES DA VACINA CORONAVAC, E APÓS 35 DIAS FIZERAM EXAMES NO LABORATÓRIO FLEURY. PARA SABER SE TINHAM ADQUIRIDO IMUNIDADE CONTRA O VÍRUS. AO FINAL DO ÁUDIO ELE FALA O NOME DELE E DA  ESPOSA."
22.txt,"Moeda gruda no braço de quem tomou vacina contra Covid-19. Vacina contra Covid-19 é magnética, tem chumbo, microchip, nanopartículas e faz com que moedas grudem no braço de vacinados. Segundo vídeos que estão sendo compartilhados por aí, pessoas que tomaram o imunizante contra a Covid-19 estariam apresentando um campo magnético ao redor do local da vacina. A prova ficaria por conta de inúmeras moedas que ficariam grudadas no braço das pessoas. E ainda de acordo com a história, as explicações seriam diversas: a presença de chumbo na vacina, imunizantes feitos com líquido magnético, a presença de nanopartículas nas vacinas etc. Versão 1: “Parece que tem gente achando que são fake… Magnetismo no local das vacinas. Até a Coronavac!”. Versão 2: “Vacinas magnéticas? Experimente em casa com um imã do frigorífico agora e fácil saber quem é tóxico…!”. Versão 3: “estranho efeito com imã no braço após vacina. Serão as nanopartículas?”."
23.txt,"Ivermectina causa infertilidade em 85% dos homens. Estudo nigeriano aponta que Ivermectina causou infertilidade em 85% dos homens que usaram a substância. Versão 1: “Pelo menos o gado não vai se reproduzir”. Versão 2: “Recomendada por Bolsonaro como tratamento precoce da Covid-19, ivermectina causa infertilidade em 85% dos homens. Pesquisa apontam que 85% dos homens que usaram medicamento desenvolveram algum grau de disfunção reprodutiva e erétil”."
24.txt,"Creolina cura a Covid-19 e mata o coronavírus, diz médico Roberto Klaus. Médico Roberto Klaus, do hospital Albert Einstein, afirma que curou paciente com creolina e que produto cura a Covid-19. “Essa coisa que eles tão fazendo alarme aí, que tão fazendo terrorismo aí. Cara, para com isso. Toda vez fica mais fraco. E o vírus, João, ele foi gerado, na verdade, entre os morcegos. Olha, como é que é o hábito do morcego? Mocego vive em caverna. Então, todo mundo confinado vai ter vírus. E é pior ficar confinado. Por isso que eu sou defensor intransigente de abrir comércio pra todo mundo trabalhar. Não tem que ficar confinado. Agora, vou te dar um dado, João, que eu tenho conseguido com os meus pacientes, que é fenomenal. Você pode esparramar pra tudo quanto é empresário amigo seu. Todos, todos, todos, tá? Eu fui criado na roça com os meus avós. Eu sai da roça, eu tinha 11 pra 12 anos, tá? E lá na roça, João, não tinha remédio pra verme. Tomava era semente de mamão, semente de abóbora e tomava creolina. Minha avó dava, no miolinho de rosca de pão, três gotinhas de noventa em noventa dias. Dava pra todo mundo tomar creolina. […] Essa comum que custa aí R$10 ou R$12 ou R$15 o frasquinho de 150ml, tá? […] Essa creolina que todo mundo conhece. Eu vou te dizer que eu nunca tive problema com ela, cara.  Eu nunca tive verme, João. Por conta da creolina. […] Pois bem, agora vou te contar o principal. Eu fui atender aqui na Estrutural. Estrutural é um bairro muito populoso aqui. Eu fui atender um irmão de uma funcionária minha, que tava com Covid e a família, muito religiosa, não queria que ele fosse internado, porque eles são muito carentes e a Estrutural é um bairro feito perto de um lixão. […] Eu já tenho mais de 230 pacientes que eu tratei e que eu recuperei e que não tem nenhum óbito, João. Nenhum óbito dos meus pacientes e isso eu agradeço demais a Deus. […] Pois bem, terminado meu expediente na clínica, eu peguei essa minha funcionária, peguei minha esposa e batemo lá na casa do irmão dela, lá na Estrutural. […] Aí, eu entrei e o cidadão lá na cama, coitado, ofegante. Eu levei aquele aparelhinho de ver a saturação de oxigênio e ele tava com 76 a saturação. Falei: ah, vai morrer, porque desse jeito aqui não tem saída, né?. […] Aí, rapaz, eu lembrei da minha vó, que dava pra nós as gotinha de creolina. E perguntei pro povo lá: aqui tem um armazém aqui perto, um supermercado, uma coisa assim?. […] Fui lá, João. Comprei um frasquinho de creolina, trouxe, pedi um pedaço de pão, fiz umas bolinhas, pinguei três gotinhas de creolina e falei pro cidadão que tava lá doente: ó, você vai comer isso aqui. […] Trouxeram meio copo d’água pra ele e ele engoliu as três gotinhas. Ele não queria não. Eu falei: cara, você vai morrer, você não pode brincar agora. É tomar pra poder ver se reverte isso tudo, porque não adiantava mais remédio pra ele, já tava num estado que não tinha jeito. Pois bem, amigo, ele tomou as três gotinhas da creolina num miolinho de pão. Com 3 ou 4 horas, ele tava sentado e a saturação dele tava em 93 já, meu amigo. Deixei lá com eles, pra que tomasse de 8 em 8 horas a mesma três gotinhas. No outro dia de tarde, eu voltei lá. Ele já estava trabalhando, já estava mexendo nas coisas dele. Então, assim, é muito melhor você esparramar com os seus amigos, todos empresários, pra gente acabar com essa fraudemia. […] E ela não faz mal. […] O que nós temos que fazer é divulgar isso pra todo mundo usar, cara. Quem tiver pego Covid, toma, de 8 em 8 horas, três gotinhas. Eu tô tomando a minha uma vez por mês, do mesmo jeitinho que eu fiz lá, é preventivo. Então, não tem contraindicação, não faz mal pra ninguém. Veneno, é tóxico? É, se você beber um copo dela pura, ou sei lá que tanto dela pura. Se você beber três gotinhas, não faz mal nenhum, nenhum, nenhum. Vai matar os vermes, vai matar os bicho, vai matar o Covid, vai matar tudo. Pode ir por minha conta, amigo. Esparrama isso pra onde cê quiser, pro Brasil inteiro, pra gente poder ajudar a acabar com essa encrenca e a gente voltar a trabalhar, todo mundo voltar a trabalhar, voltar a progredir, voltar gerar riqueza. Falou, meu amigo. Forte abraço!”."
25.txt,"Vacinados têm três vezes mais chances de morrer com a variante delta da Covid-19. Pessoas que foram vacinadas contra a Covid-19 têm três vezes mais chances de morrer por causa da variante delta (variante indiana) do que pessoas que não foram vacinadas contra a doença. De acordo com um texto publicado em um site em inglês e republicado em páginas que atacam as vacinas aqui no Brasil, as pessoas vacinadas teriam três vezes mais chances do que pessoas não-vacinadas de morrer por causa da variante delta da Covid-19.BAITA CONFUSÃO – Pessoas Vacinadas Tem Três Vezes Mais Probabilidade De Morrer De Variante Delta Do Que As Não Vacinadas, Apontam Dados Divulgados Hoje No Reino Unido. “Um relatório publicado hoje (25) pela agência governamental do Reino Unido, Public Health England, revela que indivíduos que receberam a vacina COVID-19 têm três vezes mais probabilidade de morrer da variante Delta do que pessoas não vacinadas”. Não pode e não deve ser proibido esconder essas informações do público. Afinal, tudo se sabe do coronavírus, e nada se sabe desse vírus super inteligente que se transmuta com frequência. E mesmo porque essas vacinas são experimentais e emergenciais (não escondem de ninguém) não se sabendo o que pode ou não fazer de danos ao nosso DNA e genoma a médio e longos prazos. Compartilhe essa notícia para que mais pessoas saibam."
26.txt,"Por causa do ácido tânico e polifenóis, vinho previne a Covid-19. Vinho pode prevenir Covid-19 por causa da ação do ácido tânico e dos polifenóis que inibem as principais enzimas do SARS-CoV-2.E segundo uma história que está circulando nas redes sociais, o ácido tânico e os polifenóis presentes no vinho também poderiam prevenir a Covid-19. De acordo com a história, isso aconteceria, porque as substâncias seriam capazes de inibir as duas principais enzimas do SARS-CoV-2. Ainda segundo o texto, com isso, o novo coronavírus não conseguiria penetrar nas células humanas.“O ácido tânico * encontrado nas uvas e no vinho inibe duas enzimas principais do coronavírus. Com o contato, o último não consegue mais penetrar nas células humanas. No final do ano, pesquisadores americanos demonstraram in vitro que os * polifenóis * presentes nas uvas e no vinho alteram a forma como o vírus Sars-Cov2 que causa a Covid-19 se replica e se espalha. A * Taiwan Medical University * descobriu que os taninos do vinho inibem efetivamente a atividade de duas enzimas-chave do vírus, que não podem mais entrar no tecido celular. “De todos os compostos naturais que testamos em laboratório, o ácido tânico é o mais eficaz”, disse Mien-Chie Hung, bióloga molecular e presidente da universidade, à TVBS. Ele também lembrou os bons resultados obtidos com tratamentos experimentais com ácido tânico em 2003 durante a pandemia de SARS. O pesquisador tem esperança de que um tratamento farmacêutico seja desenvolvido em breve. Enquanto isso, recomenda que os cidadãos consumam alimentos e bebidas ricos em taninos para aumentar sua imunidade. * É o caso de uvas, vinho, banana, chá e vegetais * https://www.vitisphere.com/actualite-93368-Une-nouvelle-etude-confirme-que-le-vin-protege-de-la-covid-19-.htm * Divulgue essa novidade, dê uma alegria aos seus amigos e outras pessoas *”."
27.txt,"Teste de anticorpos feito por médico prova que Coronavac não protege contra a Covid-19. Um teste divulgado por um médico é a prova de que a Coronavac não protege contra a Covid-19. Titulação de anticorpos mostra que a vacina não funciona. Versão 1: Dr. Delano tomou as duas doses de Coronavac e fez a testagem de anticorpos 6 meses depois. Resultado? Não está imunizado! Calcinha Apertada sua vacina vale tanto quanto você. Nada! Versão 2: Dr. Delano da cidade de Divinópolis MG, faz um alerta sobre a Coronavac. CUIDADO. Você pode ter tido o mesmo PROBLEMA que eu . UMA FALSA PROTEÇÃO."
28.txt,"Ser infectado com Covid-19 protege 7 vezes mais do que tomar qualquer vacina. Israel e Chile provam que número de infecções entre vacinados é 7 vezes maior do aqueles que já se infectaram com a Covid-19. Ou seja: ser infectado com a “vacinação raiz” protege sete vezes mais. “A informação de que ser infectado com Covid é 7 vezes mais eficaz que a melhor de todas as vacinas é uma boa notícia para países como o Brasil, em que, por diversas razões, tem uma das populações com maior índice de infectados. É o que podemos chamar de vacinação raiz. Isso pode se traduzir, em breve, em sermos um dos primeiros a virar essa página sanitária de nossa história”."
29.txt,"Sean Brooks está certo ao dizer que vacinados vão morrer de 6 meses e 3 ou 5 anos. Dr. Sean Brooks acertou ao afirmar que pessoas vão morrer de 6 meses a 3 ou 5 anos após se vacinarem contra a Covid. Versão 1: “Mais uma vez desmascarando os médicos desinformados que apoiam a vacina… DR. SEAN BROOKS PHD OXFORD, MAIS UM CIENTISTA QUE CONTRARIA OS “ENTENDIDOS DA MIDIA VENDIDA AOS POLITICOS E AOS LABORATORIOS QUE ESTAO ENCHENDO O RABO DE DINHEIRO COM A DESGRAÇA ALHEIA” PESSIMAS NOTICIAS AOS VACINADOS FAÇA O TESTE CHAMADO “DIMERO D” O UNICO QUE PODE DETECTAR O ESTRAGO QUE ESTE VENENO ESTA FAZENDO NO SEU ORGANISMO. LEMBREM-SE EXISTE O ANTIDOTO “SURAMIN” CONVERSE COM O SEU MEDICO ENQUANTO HA TEMPO”. Versão 2: “Dr. Sean Brooks, médico especialista em medicina interna, com mais de 23 anos de experiência, envia um alerta assustador sobre a cobiçada vacina experimental. “The people who have taken it are going to die in the next 6 months to 3 to 5 years.” [As pessoas que tomaram a vacina vão morrer nos próximos 6 meses a 3 ou 5 anos]. Quantos outros especialistas serão ignorados?”"
30.txt,"Fungo negro é causado pelo uso de máscaras contra Covid-19. Infecção por fungo negro na Índia é causada pelo uso de máscaras contra Covid-19 e pessoas devem parar de usá-la. O fungo negro que causa medo à Índia é causado pelo uso de máscara Médicos e jornalistas em todo o mundo estão criando pânico com as infecções fúngicas que atualmente supostamente afetam pessoas na Índia. Alguns afirmam que as infecções fúngicas são um novo sintoma de covid-19. Outros dizem que as infecções fúngicas são causadas pela prescrição excessiva de esteróides para covid-19. E ainda mais culpam o diabetes mellitus. Ambos podem contribuir para o problema de fungos, mas não acredito que sejam a única ou mesmo a principal causa. Acredito que isso seja ainda mais assustador, planejado para encorajar as pessoas a aceitar uma das pseudo-vacinas experimentais. A alegada epidemia de infecções fúngicas é causada pelo uso de máscaras. O problema é particularmente prevalente na Índia, onde as pessoas pobres não têm dinheiro para comprar novas máscaras regularmente, portanto, a mesma máscara está sendo usada repetidamente. Além disso, o clima quente, que aumenta a sudorese, agrava as infecções fúngicas em pessoas que usam máscaras faciais. […] Quando uma máscara é usada por mais de duas horas ou mais, há um grande risco de desenvolvimento de fungos que afetem a pele, o nariz, a boca e os pulmões. […]. E, claro, as máscaras são prejudiciais ao sistema imunológico – o que aumenta a suscetibilidade a todos os tipos de infecção (bacterianas e fúngicas em particular). Somado a isso, bloqueios e a cobiçada “vacina” também podem danificar o sistema imunológico, deixando as pessoas suscetíveis a infecções fúngicas e complicações causadas por infecções fúngicas.  Prova de que as máscaras fazem mais mal do que bem: Muitas pessoas usam a mesma máscara por mais de duas horas (o que é perigoso), usam máscaras descartáveis ​​mais de uma vez (o que é perigoso), deixam de lavar máscaras de pano (o que significa que elas acumulam bactérias, fungos e vírus – todos os quais são respirados em) tocar sua máscara enquanto ela está em posição (o que torna a máscara ainda pior do que inútil), colocar as máscaras em seus bolsos ou bolsas e, em seguida, colocá-las de volta vincadas e sujas (uma coisa muito perigosa de se fazer, pois o usuário será respirando quaisquer insetos que tenham sido transmitidos à máscara.) […] A solução é simples. Persuadir as pessoas a removerem suas máscaras”."
31.txt,"Saiu a comprovação científica da ivermectina e FDA aprova uso da hidroxicloroquina. Saiu a comprovação científica da ivermectina e a FDA aprovou o uso de hidroxicloroquina em todos os pacientes com o Covid-19. Saiu a comprovação científica da Ivermectina e a FDA aprova o uso de hidroxicloroquina em todos os pacientes com o Covid-19 “…para os que querem continuar lucrando, e enfatizo o politicamente, com o pânico e o desespero, o pensamento que predomina é: “A cura não pode chegar tão rapidamente assim!”. Saiu o Randomizado da Ivermectina, agora com comprovação científica! Desde o início desta pandemia o coronavírus foi usado politicamente, muito se falou em ciência e pouca ciência foi verdadeiramente ouvida e utilizada. Para muitos políticos, imprensa , instituições como a OMS, a notícia acima é um desastre. Pronto esta ai a eficácia e a comprovação cientifica, segue link: https://ivmmeta.com. Sobre a hidroxicloroquina que também foi rechaçada politicamente, por não ter comprovação científica para tratamento da Covid, a FDA, a agência americana de regulamentação de remédios, aprovou o uso de hidroxicloroquina em todos os pacientes com o Covid-19. A jornalista Elisa Robson escreveu: “O FDA, a agência americana de regulamentação de remédios, aprovou o uso de hidroxicloroquina em todos os pacientes com o Covid-19. O CEO da Novartis anunciou que já tem em mãos os resultados de pesquisas que comprovam que a hidroxicloroquina mata o vírus. Tanto que a empresa vai doar 130 milhões de doses. O custo médio do medicamento no mundo é de US$ 4,65 por mês. O fato é que, desde o começo, o coronavírus foi usado politicamente. Portanto, para muitos agentes políticos (tanto os que militam em partidos, quanto os que estão no comando de instituições como OMS ou nas redações dos jornais) as notícias acima são, na verdade, um desastre. Pois por trás disso, para os que querem continuar lucrando, e enfatizo o politicamente, com o pânico e o desespero, o pensamento que predomina é: “A cura não pode chegar tão rapidamente assim!” https://www.novartis.com/news/media-releases/novartis-commits-donate-130-million-doses-hydroxychloroquine-support-global-covid-19-pandemic-response"
32.txt,"Singapura descobriu que Covid-19 é causada por uma bactéria exposta à radiação. Singapura se tornou o primeiro país a realizar uma autópsia em uma vítima de Covid-19. Com isso, descobriu que a doença é causada por uma bactéria exposta à radiação. Muito interessante… Singapura tornou-se o primeiro país do mundo a realizar uma autópsia (post-mortem) de um corpo COVID-19 Depois de uma investigação minuciosa, descobriu-se que a Covid-19 não existe como um vírus, mas sim como uma bactéria que foi exposta a radiação e causa a morte humana por coagulação no sangue. Verificou-se que a doença da Covid-19 provoca coágulos sanguíneos, o que leva à coagulação sanguínea em humanos, e faz com que o sangue coagule na veia, dificultando a respiração de uma Porque o cérebro, o coração e os pulmões não podem receber oxigênio, fazendo com que as pessoas morram rapidamente. Para encontrar a causa da escassez de energia respiratória, os médicos em Singapura não ouviram o protocolo da OMS e realizaram uma autópsia sobre o COVID-19. Depois que os médicos abriram e examinaram cuidadosamente os braços, pernas e outras partes do corpo, perceberam que os vasos sanguíneos estavam dilatados e cheios de coágulos sanguíneo, o que impediu o fluxo de oxigênio no corpo causa a morte do Paciente. Depois de conhecer esta pesquisa, o Ministério da Saúde de Singapura alterou imediatamente o protocolo de tratamento contra a Covid-19 e deu aspirina aos seus pacientes positivos. Comecei a tomar 100 mg e Imromac. Como resultado, pacientes começaram a se recuperar e sua saúde começou a melhorar. O Ministério da Saúde de Singapura evacuou mais de 14,000 pacientes num dia e mandou-os para casa. Depois de um período de descoberta científica, os médicos em Singapura explicaram o método de tratamento dizendo que a doença era uma farsa global, ′′ Não passa de coagulação intravascular (coágulos sanguíneos) e de um método de tratamento. Comprimidos antibióticos Anti-inflamatório e tomar anticoagulantes (aspirina). Isso indica que a doença pode ser curada. De acordo com outros cientistas de Singapura, os ventiladores e uma unidade de cuidados intensivos (UTI) nunca foram necessários. Protocolos para o efeito já foram publicados em Singapura. A China já sabe disso, mas nunca divulgou seu relatório……"
33.txt,"Vacinação universal foi anulada pela Suprema Corte dos EUA. Em uma decisão contra Bill Gates, Fauci e Big Pharma, Suprema Corte dos EUA anulou a vacinação universal contra a Covid-19. ATENÇÃO ATENÇÃO* *VACINAÇÃO UNIVERSAL ANULADA.* Uma grande vitória para a liberdade, a Suprema Corte derrubou a vacinação universal. Os especialistas americanos em doenças infecciosas Bill Gates, Antoni Fauci e Big Pharma perderam uma ação judicial na Suprema Corte dos EUA, não conseguindo provar que todas as suas vacinas nos últimos 32 anos eram seguras para a saúde dos cidadãos! O processo foi iniciado por um grupo de cientistas liderado pelo senador Robert F. Kennedy Jr. que disse: “A nova vacina Covid deve ser evitada a todo custo. Chamo urgentemente sua atenção para questões importantes relacionadas com a próxima vacinação Covid-19. Pela primeira vez na história da vacinação, as chamadas vacinas mRNA de próxima geração interferem diretamente no material genético de um paciente, alterando assim o material genético individual, que é a manipulação genética, que já era proibida e anteriormente considerada um crime. . A vacina contra o coronavírus não é uma vacina, lembre-se! O que sempre foi uma vacina? Foi sempre o próprio patógeno, um micróbio ou vírus que foi morto ou atenuado, ou seja, enfraquecido, e introduzido no corpo para produzir anticorpos. Não é sequer uma vacina contra o coronavírus! Não é só isso! Faz parte do mais novo grupo de mRNAs (mRNAs), supostamente “vacinas”. Uma vez dentro de uma célula humana, o mRNA reprograma o RNA e o DNA normal, que começa a produzir outra proteína. Em outras palavras, nada como as vacinas tradicionais! Em outras palavras, é um instrumento de influência genética, é uma arma genética! Em outras palavras, eles iriam destruir os terráqueos e os sobreviventes iriam se tornar OGM. Como resultado das vacinas sem precedentes do mRNA, as pessoas vacinadas não serão mais capazes de lidar com os sintomas da vacina. As pessoas vacinadas terão que aceitar as conseqüências, pois não podem mais ser curadas pela simples remoção das toxinas do corpo humano, tais como uma pessoa com um defeito genético como a síndrome de Down, a síndrome de Klinefelter, a síndrome de Turner, a insuficiência cardíaca genética. (por exemplo, hemofilia, fibrose cística, síndrome de Rett, etc.), porque o defeito genético é eterno! Isto significa claramente: se um sintoma de vacinação se desenvolver após a vacina do mRNA, nem eu nem qualquer outro terapeuta poderemos ajudar, pois os danos causados por este tipo de vacinação serão geneticamente irreversíveis. Grande Daems"
34.txt,"Índia derrotou a Covid-19 porque adotou ivermectina e suspendeu vacinação em massa. Índia conseguiu reduzir em 80% casos e mortes por Covid-19 após usar de forma intensiva a ivermectina e parar a vacinação. Versão 1: “Comprovado.Ivermectina salvou a India.(onde temos um gov de direita,anti China,sem STF)Números oficiais apresentaram queda de 80% dos casos de Covid em apenas 1 mês após o uso intensivo de Ivermectina pela população”. Versão 2: “BOMBA: Estado na Índia distribuiu ivermectina para a população e casos de Covid diminuiram drasticamente;”. Versão 3: “A Índia acaba de reabrir o seu maior ponto turístico, o Taj Mahal, pois o covid foi controlado após a suspensão da vacinação em massa em maio de 2021 e adoção da Ivermectin em todo pais (a Índia é um dos maiores produtores mundiais da ivermectina).  Era um país de 1.400.000.000 de habitantes que estava incinerando cadáveres em praças públicas em abril-maio. Daí suspendeu a vacinação massiva , controlou completamente a COVID-19 ao ponto de poder reabrir o turismo.  E mais: a Ordem dos advogados indianos está processando a Organização Mundial da Saúde por não estar divulgando os efeitos benéficos da ivermectina na profilaxia e terapia da COVID-19, com índices surpreendentes de sucesso. A queda da mortalidade pela covid-19 foi de 79.0% em 18 dias em Délhi e de 72.7% em Uttar-Pradesh. Comemoremos os novos ventos a favor da verdade e saúde”."
35.txt,"Vacinas contra Covid-19 contêm 80% a 90% de óxido de grafeno.Descobriram que a vacina contra Covid-19 tem óxido de grafeno e que, por isso, pessoas estão se infectando com a doença. Ou seja: nova variante é falsa.Uma das mensagens que circula online (traduzida do espanhol) diz o seguinte: “!!️ A partir de Israel a falsa variante vem dos vacinados e as vacinas contêm óxido de grafeno em seus 90 %!!️ DESDE ISRAEL A QUÍMICA FARMACÊUTICA TÂNIA BERNOF: A FALSA NOVA VARIANTE, OS FALSOS PCR E O VÍRUS DO COVID NÃO EXISTE”. A falsa nova variante, a maioria está vacinada para possíveis infecções subsequentes, todas já foram vacinadas, o que temos aqui é uma terapia genética que entra em nossas células para fazer proteínas virais para que essas proteínas virais produzam uma resposta imunológica das vacinas AstraZeneca e Pfizer, que continham entre 80% e 90% de óxido de grafeno. O efeito imunológico disso é algo que eles estão estudando, a gente não sabe ao certo ao que estamos sujeitos com a essa substância que não tem nenhum sentido"
36.txt,"Documento “Da possível supernotificação de óbitos causados por Covid-19 no Brasil” é do TCU. Está provado que o TCU criou um relatório falando que metade dos registros de mortes por Covid-19 são falsos. O documento se chama “Da possível supernotificação de óbitos causados por Covid-19 no Brasil”.Tribunal de Contas da União: Da possível supernotificação de óbitos causados por Covid-19 no Brasil. Segundo dados oficiais do Ministério da Saúde, 194.944 pessoas morreram no ano de 2020 devido à Covid-19. Tais dados foram coligidos a partir das informações fornecidas pelas Secretarias Estaduais de Saúde. Ocorre que tais dados podem estar superdimensionados, Conforme apontado pelo TCU no item 9.5.2 do Acórdão 2.817/2020-TCU-Plenário, utilizar a de Covid-19 como critério para transferência de recursos com base em dados declarados pelas Secretarias Estaduais de Saúde, pode incentivar a supernotificação do número de casos da doença, devendo, na medida do possível, serem confirmados os dados apresentados pelos entes subnacionais. Tal recomendação fundamentou-se no fato de 44,9% dos recursos federais transferidos para combate à pandemia serem distribuídos com base na taxa de incidência de Covid-19. Em que pese não haja evidência de que essa prática deletéria esteja acontecendo, a fim de cotejar esse dado de quase 195 mil óbitos por Covid-19 no ano em 2020, foram analisados dados do Portal da Transparência do Registro Civil (https: //transparencia.registrocivil.org.br/registros), sítio mantido pela Associação Nacional dos Registradores de Pessoas Naturais, desenvolvido para disponibilizar ao cidadão informações e dados estatísticos sobre nascimentos, casamentos e óbitos, entre outros conteúdos relacionados, em conformidade com o Provimento n” 46 do Conselho Nacional de Justiça. Inicialmente identifica-se que a variação de óbitos de um ano para outro oscila bastante. A variação de 2019 para 2020, primeiro ano da pandemia, foi de 15,1%, pouco mais de 1% maior que a variação de 2015 para 2016, quando ainda não havia a Covid-19. A variação média de óbitos entre 2016 e 2019 foi de 8,8%. Aplicando-se essa variação média no número de óbitos registrados em 2019, teríamos em 2020 um total de 1.379.827 óbitos (1 268 150. 272. registrados. Isso pode ser um indício de que a pandemia causou efetivamente cerca de 80 mil óbitos em 2020, 41% dos quase 195 mil óbitos registrados pelas Secretarias Estaduais de Saúde como decorrentes da Covid-19. Os outros 115 mil óbitos apontados como consequências da pandemia podem ter, na verdade, outras causas mortis, ainda que eventualmente os de cujus fossem portadores da Covid-19 quando do seu falecimento."
37.txt,"Unimed alerta que “Covid Delta” não tem tosse e febre como sintomas. O Grupo Unimed fez um texto alertando que a variante delta da Covid-19 tem sintomas diferentes da tradicional como, por exemplo, não ter tosse nem febre. *GRUPO UNIMED ALERTA* Covid Delta: não há tosse, nem febre mas articulações muito doloridas, dor de cabeça, dor no pescoço e na parte superior das costas, fraqueza geral, perda de apetite e pneumonia. Mais virulento e com maior taxa de mortalidade, com evidência mais rápida para chegar a extremos. As vezes sem sintomas! Afeta diretamente os pulmões, o que significa que nas ‘janelas’, os períodos de tempo são mais curtos. Muitos pacientes não tem febre nem dor, mas que relatam pneumonia torácica leve em suas radiografias. Os testes de esfregaço nasal muitas vezes são negativos para Covid-19, e há cada vez mais resultados falsos negativos em testes de nasofaringe. Isso significa que o vírus se espalha e se espalha diretamente para os pulmões, causando estresse respiratório agudo causado pela pneumonia viral. Por isso, sejamos mais cuidadosos, evitando aglomerações, mantendo 1,5 m de distância mesmo em locais abertos, usando máscara facial, usando álcool 70% e lavando as mãos com frequência (e quando tossimos ou espirramos). Não guarde essas informações para você, compartilhe o máximo que puder, especialmente para familiares e amigos. "
38.txt,Uso de máscara não deve ser praticado por pessoas que fazem atividade física.
39.txt,"Rede criminal da Covid-19 foi exposta e prova que a pandemia é uma fraude.Gerente de projeto de TI alemão divulga documento que expõe rede criminal da Covid-19 e mostra fraude. “A REDE CRIMINAL COVID-19 FOI MAPEADA E EXPOSTA UM GERENTE DE PROJETO DE TI ALEMÃO ANÔNIMO LANÇOU ESTE DOCUMENTO BOMBÁSTICO, EXPONDO TODA A AMBICIOSA REDE CRIMINOSA COVID-19 ELE CONECTA AS RELAÇÕES COMPLEXAS ENTRE GOVERNOS, ONGS, GRANDES EMPRESAS FARMACÊUTICAS, EMPRESAS PRIVADAS, DOCUMENTOS, UNIVERSIDADES E PESSOAS-CHAVE O DOCUMENTO TEM 170 PÁGINAS SÃO 6.500 OBJETOS E MAIS DE 7.200 LINKS, INCLUINDO OS FLUXOS FINANCEIROS COMPARTILHE ISTO EM TODA PARTE!”."
40.txt,"Ivermectina reduz mortes por Covid-19 em 56% e teria salvo 250 mil no Brasil, diz Oxford. Universidade de Oxford comprova que ivermectina reduz número de óbitos por Covid-19 em 56% e que Brasil poderia ter salvo 250 mil pessoas. “Estudo liderado pela Universidade de Oxford, esclarece que cerca de 250.000 óbitos por covid-19 poderiam ter sido evitados no Brasil com o uso da ivermectina, que segundo esse estudo, reduz em 56% os óbitos nos casos moderados e graves da doença”. Versão 2: “Através da ivermectina, mais de 250 mil vidas teriam sido salvas no Brasil. É o que conclui um estudo liderado pela Universidade de Oxford. Segundo esse estudo, publicado no Fórum Aberto de Doenças Infecciosas da própria instituição e assinado por cientistas de seis das principais universidades do Reino Unido, entre elas a Universidade de Liverpool e a Imperial College, a ivermectina reduz em 56% a mortalidade de pacientes em estado moderado e grave de Covid-19. Ou seja, se parte da imprensa e políticos esquerdistas não tivessem militado tanto contra a ivermectina, mais de 250 mil brasileiros teriam sido salvos. Deixa eu repetir pra você: aquele político e aquele jornalista de esquerda que fez chacota da ivermectina, que falou que não existia remédio cientificamente comprovado é o grande responsável por sua mãe, seu pai, seu filho, qualquer outro parente seu ter morrido de Covid-19. Os donos da mídia, o poder que militaram tudo contra, que alienaram tudo o povo, que fizeram uma lavagem cerebral que você recusasse ou não tivesse acesso ao medicamento barato, que poderia ter salvo sua família. São eles os responsáveis por essas mortes. Desviaram dinheiro da saúde, tiveram tempo, mas não preparam os hospitais, fecharam a economia, causando falência, desemprego, miséria e, ainda por cima, lutaram para que o povo não tomasse medicamentos que poderiam sim ter salvo mais da metade das vítimas de Covid. Esses são os verdadeiros genocidas, gente. Por quanto tempo mais, minha gente, você se deixará conduzir pelos lobos que querem a sua morte e da sua família?”."
41.txt,"Vacinas são, na realidade, “assachinas” que causaram 45 mil mortes no Havaí e 32 mil no Brasil. Vacinas são armas biológicas para exterminar população e já mataram milhares no Havaí (EUA) e Brasil.Desde o início desta famigerada PANDEMIA recuperando pacientes acometidos deste vírus. Já perdi a conta depois dos mais de 360 pacientes recuperados, sem nenhum ÓBITO entre eles. De hoje em diante e, diante dos fatos que estou vivenciando na clínica, vou  me referir as VACHINAS como : asSACHINAS. Nunca na história da humanidade houve um massacre tão programado, tão bem arquitetado, tão bem preparado como o que está acontecendo para eliminação  do ser humano. O extermínio do próprio  semelhante, causado por substâncias asSACHINAS, fabricadas e injetadas no corpo d pessoas, dos nossos semelhantes. Anunciadas como salvadoras, como protetoras, como imunizadoras, elas estão fazendo justamente o contrário. Estão matando mais que a praga chinesa. Elas  são na verdade a maior ARMA  BIOLOGICA de extermínio humano. Isto mesmo. Uma arma contra a HUMANIDADE.A CIÊNCIA NAO FALHOU. ELA ACERTOU no seu propósito, pois ficou a serviço dos interesses e dos ganhos escandalosos das bigfarmas (irresponsabilizadas  do que  pudesse acontecer) serviram ao enriquecimento de seus proprietários. O custo disto tudo é a crueldade como estão implantando esse projeto macabro. Estão ceifando vidas humanas, vidas inocentes, dos incautos, dos desinformados, dos neófitos, dos jovens e a imprensa comprometida ajudando esse extermínio.  Até onde vai essa sandice? Essa vergonha ? São mais de 45 mil mortos no Hawaii, já são mais de 32 mil no Brasil. Mortes  todas causadas em pelas asSACHINAS. E a imprensa comprometida, não divulga nada. Será que está paga para ficar calada ? A espectativa não é das melhores, pelo contrário é a mais sombria. A diversidade de sintomas e do comprometimento orgânico no adoecimento entre os que tomaram essas substâncias que eu chamo asSACHINAS, em verdade, me espanta. Sinais e sintomas leves que se agravam numa velocidade tão espantosa  e que não respondem aos antibióticos e  antiinflamatórios, ao repouso e muito líquido, o que antes resolvia. Agora, não resolvem mais. Estes pacientes que agravam suas  condições muitas vezes com os exames de sangue NADA ACUSANDO, ou só mostrando algum distúrbio quando seu estado já se tornou irreversível pelo comprometimento múltiplo de seus órgãos. Elas estão MATANDO e matarão mais que a praga chinesa, sem contar os mutilados que restarão. Que Deus permita que eu  esteja errado, que isso seja  apenas um pesadelo, das muitas noites insones que os plantões de pronto socorro me impuseram; INFELIZMENTE,  não é isso que estou vivenciando na clínica todos os dias. Fica o alerta de velho profissional da saúde que sempre zelou pela VIDA”."
42.txt,"Café ou chá ajudam a curar e prevenir o coronavírus, disse o médico Li Wenliang, em entrevista à CNN. O herói da China, antes de morrer, havia documentado que as bebidas possuem compostos que podem afastar o vírus em humanos com sistema imunológico médio.Dr. Li Wenliang *, o médico herói da China, que foi punido por dizer a verdade sobre o vírus Corona e depois morreu devido à mesma doença, havia documentado arquivos de casos para fins de pesquisa e nos arquivos propuseram uma cura que diminuiria significativamente o impacto do COVID – 19 Vírus no corpo humano. A substância química * Methylxanthine *, * Theobromine * e * Theophylline * estimulam compostos que podem afastar esses vírus em humanos com pelo menos um sistema imunológico médio. O mais chocante é que essas palavras complexas que eram tão difíceis de entender para as pessoas na China são chamadas de * CAFÉ * na Índia, SIM, nosso CAFÉ regular possui todos esses produtos químicos. A principal metilxantina no café é a cafeína estimulante. Outras metilxantinas encontradas no COFFEE são dois compostos quimicamente similares, Teobromina e Teofilina. A planta do CAFÉ cria esses produtos químicos como uma maneira de afastar insetos e outros animais. Quem diria que toda a solução para esse vírus seria uma simples xícara de café e essa é a razão pela qual tantos pacientes na China estão sendo curados. A equipe do hospital na China começou a servir o CAFÉ aos pacientes três vezes ao dia, e o efeito está finalmente em * Wuhan * “O centro desta pandemia” foi contido e a transmissão da comunidade quase parou. Compartilhe esta mensagem com seus amigos e familiares para conscientizá-los sobre essa bênção na forma de CAFÉ em sua cozinha."
43.txt,"Série de vídeos mostra que governo da China está mandando chineses cuspirem e espirrarem em supermercados, elevadores e locais públicos para disseminar a Covid-19 (coronavírus) em países como Itália, Canadá e Austrália.DENÚNCIA – A 3° Guerra mundial está acontecendo. É uma guerra biológica. Suspeita-se que o Partido Comunista Chinês pagou mulheres chinesas com coronavírus p/ viajar e espalhar o vírus pra o mundo. Observem a velocidade de contaminação em Nova Iorque Vídeo fala isso. E prova"
44.txt,Vídeo mostra uma mulher chinesa sendo presa na Austrália após cuspir e espirrar em frutas e comidas em supermercado. Ela foi mandada pelo Partido Comunista para espalhar o coronavírus pelo mundo. Na Austrália dentro de um Shopping uma chinesa foi flagrada espirrando nas bananas e comida. Certamente ela deve estar sob ordens diretas dos comunistas que estão espalhando o coronavirus.
45.txt,Doria obriga Samu a atestar mortes por outras doenças como se fossem por coronavírus em São Paulo.Foi descoberto um esquema do governador João Doria para inflar o número de mortos por Covid-19 em São Paulo. está obrigando o Samu a atestar mortes naturais como se fossem por coronavírus.Denúncia grave*. Descoberto um esquema do Dória para inflar os números de mortes por coronavírus para aproveitamento político contra o presidente Bolsonaro. Médicos do SAMU estariam sendo obrigados a atestar como Covid19 mortes naturais e sem causa determinada. Mais uma atitude criminosa do João Dória.
46.txt,"Israel não adota isolamento e tem a melhor situação do mundo em relação ao coronavírus. Sem isolamento contra coronavírus, Israel tem a melhor situação do mundo com apenas 1 morte. Apenas idosos foram isolados. “Compartilhando novamente pq agora temos resultados…Israel tem a melhor situação do mundo…1700 casos e 1 morte!!!! Sem isolamento, pelo contrário, quanto mais jovens pegar melhor..não lotou hospitais, UTIs etc..Isolou idosos e enfrentou o vírus”."
47.txt,"Vacina do novo coronavírus (Covid-19) virá com microchip para colher identidade da população. A vacina para o novo coronavírus (Covid-19) será obrigatória e virá com um microchip que será implantado na pele para colher a identidade da população mundial.LERTA AO POVO CRISTÃO, DIVULGUEM ANTES QUE SEJA EXCLUÍDO. VACINAS DO COVID-19 SERÁ COM MICROCHIPS É a mais recente novidade do mundo, vem como reforma sanitária e será obrigatório no mundo todo. Sem ele não poderá ter acesso aos centros de saúde. as pessoas devem usar pela vantagem ou pela imposição.

A indústria farmacêutica está oficialmente se unindo à indústria de tecnologia para iniciar a “imunização” com biometria digital, o que significa que os seres humanos serão microchipados, rastreados e, finalmente, controlados por meio de uma matriz de identificação global."
48.txt,"H1N1 (gripe suína) mata mais do que a Covid-19 (novo coronavírus), provam números. Comparação mostra o quanto a mídia esquerdista manipula a sua vida. Enquanto a gripe suína (H1N1), tratada como resfriadinho pela mídia, matou 2.101 pessoas, a Covid-19 (novo coronavírus) matou “só 18” e é tratada como apocalíptica. BOLSONARO/2020 Covid-19: coronavírus Casos no Brasil: 1.209 Mortes: 18 Nível de pânico: apocalíptico LULA/2009 H1N1: gripe suína Casos no Brasil: 68.549 Mortes: 2.101 Nível de pânico: é só resfriado Entenda como a mídia esquerdista manipula sua vida. A realidade é distorcida a todo momento para benefício de um grupo!"
49.txt,"Rússia soltou leões nas ruas para que as pessoas fiquem em casa na quarentena . O presidente da Rússia Vladimir Putin anunciou que soltou 500 leões nas ruas para que as pessoas fiquem em casa durante a quarentena do novo coronavírus. A Rússia soltou 500 leões na rua pra garantir que todos fiquem dentro de suas casas ,aqui nos já temos os ladrões soltos.!!"
50.txt,"Pessoas que usam maconha estão imunes ao novo coronavírus (Covid-19). Estudo realizado nos EUA confirma que pessoas que usam maconha estão imunes ao novo coronavírus (Covid-19). Os usuários apresentaram maior resistência ao vírus, além de melhora do humor durante o período de quarentena.Coronavírus: Após estudo realizado nos Estados Unidos, pesquisadores afirmam: “Pessoas que fazem uso da maconha, estão imunes ao Covid-19.”. Fumantes de nicotina apresentaram os piores resultados, como era de se esperar. A surpresa apareceu com quem fumava a maconha, eles demonstraram resistência contra o vírus Covid-19, além da melhora do humor durante o período de quarentena."
